male,Mr,Erwan,David,4929,INSEE,Amiens,Val-D'Oise,France,77019,-48.0158,-114.3143,-9:00,Alaska,erwan.david@example.com,bb3c0e16-b7d5-4c34-9811-c9d88b492b85,organiclion239,tender,EvCJqRSC,8649eb69978a77fe20f4b3dae40d90d9,d0507c919538dfb991f9baea8b453f0fc77a3606,f4cd97d7da191554b5997b93fc0aeffeab9fa59f6d4918ac128dc317d7d61f47,2014-11-20T05:00:57.059Z,7,01-28-18-29-89,06-27-74-56-51,1570667080818 83,https://randomuser.me/api/portraits/men/1.jpg,https://randomuser.me/api/portraits/med/men/1.jpg,https://randomuser.me/api/portraits/thumb/men/1.jpg,FR
female,Ms,Victoria,Møller,2562,CPR,Fredeikssund,Midtjylland,Denmark,34253,-45.7818,178.6757,0:00,Western Europe Time, London, Lisbon, Casablanca,victoria.moller@example.com,f9e74135-4284-4948-9703-c630850319fc,bluepeacock463,5150,iHsMsFYC,19e6bbaf8582a3b16dc97646bd4894aa,63b2259312dc1cf55401521f22f7c059235bf7fd,3ad321b3ecf42c871107c8e5166a1ff80556272c35dee1b694598afd238ff07a,2002-10-02T11:53:04.559Z,19,30215983,14331520,131155-1931,https://randomuser.me/api/portraits/women/49.jpg,https://randomuser.me/api/portraits/med/women/49.jpg,https://randomuser.me/api/portraits/thumb/women/49.jpg,DK
female,Ms,Florence,Hanson,4319,PPS,Mallow,Meath,Ireland,95714,-24.6329,-135.7923,+7:00,Bangkok, Hanoi, Jakarta,florence.hanson@example.com,65528302-f528-4f65-bd69-9afeb9160b40,bigbear267,4242,5SKfAaSq,b0e068eedc7ba57f9ca958c86fddd2f9,017acc56b2d6b04e6a69f8417fa118341bb1a91d,02c9c4b050bb8e845ef80cd9a4ba48e8dd8c9168499bdba7ba9f520d4412dcf4,2003-12-12T04:22:09.258Z,18,021-816-7639,081-653-2010,1323330T,https://randomuser.me/api/portraits/women/64.jpg,https://randomuser.me/api/portraits/med/women/64.jpg,https://randomuser.me/api/portraits/thumb/women/64.jpg,IE
female,Miss,Salma,Patiño,3404,NSS,Tezoatlán de Segura y Luna,San Luis Potosí,Mexico,52995,-68.4807,-168.0229,+9:30,Adelaide, Darwin,salma.patino@example.com,2e1a2d2b-b95e-4b85-8021-2545451aeda0,brownrabbit631,1959,RjwMRtXt,2a253974f2739e21afa776caa496514e,e663b32988b5bc5b89448c886f428ee1d29d27b0,02b90f20437e110ec7e11bce508fe5bc87020304bd84e4d2653874141b40613e,2019-11-20T19:43:19.426Z,2,(659) 169 0875,(674) 590 5316,32 75 34 9081 4,https://randomuser.me/api/portraits/women/70.jpg,https://randomuser.me/api/portraits/med/women/70.jpg,https://randomuser.me/api/portraits/thumb/women/70.jpg,MX
female,Mrs,Chakira,Eindhoven,7413,BSN,Hurwenen,Drenthe,Netherlands,2696 QV,75.3946,-57.4720,+8:00,Beijing, Perth, Singapore, Hong Kong,chakira.eindhoven@example.com,5eb7b259-b4c5-404c-92eb-8e2af1db8b78,happycat456,jenjen,A7r36WMQ,7d1238be55d573f06a89a8d58e90a999,61f99b3f88cda32cabc16a5f384cf96f1a48a81d,cc6c108a76cd4ddf3ad007bca69a966d00917c0e66f2764a01f478a650f00905,2015-06-25T13:23:28.817Z,7,(0955) 030957,(06) 44937433,55065353,https://randomuser.me/api/portraits/women/2.jpg,https://randomuser.me/api/portraits/med/women/2.jpg,https://randomuser.me/api/portraits/thumb/women/2.jpg,NL
male,Mr,Cody,Jensen,1847,PPS,Sallins,Sligo,Ireland,90985,73.5815,-155.7141,+6:00,Almaty, Dhaka, Colombo,cody.jensen@example.com,862a54c9-57e1-4e27-ba23-adbe60a6f4ee,angrybutterfly257,shelter,izc936he,10acbc04d4b882d1eea18aea1207e4e3,7944281c47c536330a5f8c75e68a794343435b39,4e513331073f78d0a4ec8512c6958606200aa171ca3bb933c75766569df76d06,2010-11-11T09:18:58.130Z,11,041-876-8240,081-277-8473,6102388T,https://randomuser.me/api/portraits/men/93.jpg,https://randomuser.me/api/portraits/med/men/93.jpg,https://randomuser.me/api/portraits/thumb/men/93.jpg,IE
male,Mr,Loïc,Faure,7398,INSEE,Dunkerque,Sarthe,France,37813,51.3526,44.2676,+5:00,Ekaterinburg, Islamabad, Karachi, Tashkent,loic.faure@example.com,a76161a0-346d-4287-98e9-9060e8bb77e5,smallelephant680,elite,kJzcNNq0,55c9df09f530470146c935d7c8b4d35c,ef73ecf3546172b3098596dfdf856ffaff2d24ff,c955eafd5ea5f6efc38b40573e4d17f64df3e998b7407b023c59484426409cb8,2020-05-15T02:28:43.505Z,2,03-94-13-40-39,06-21-77-27-09,11000614648372 17,https://randomuser.me/api/portraits/men/41.jpg,https://randomuser.me/api/portraits/med/men/41.jpg,https://randomuser.me/api/portraits/thumb/men/41.jpg,FR
female,Miss,Lucia,Calvo,5830,DNI,Madrid,Comunidad Valenciana,Spain,72031,36.0518,-20.9807,+7:00,Bangkok, Hanoi, Jakarta,lucia.calvo@example.com,44880a95-854a-4eaa-9832-7c21dce260fd,yellowfrog510,woodman,sJiRFvuM,341f5d22638e20bb069a883da4ad24b6,cd4385587fe6b397d363dae5bbdfd8e6da36eff9,05c727ab46ffb5d7a7810cdbcdf798818d4220ba69d3f0043bd60be28b655130,2010-06-23T22:53:28.847Z,12,995-552-845,654-685-560,12408184-E,https://randomuser.me/api/portraits/women/47.jpg,https://randomuser.me/api/portraits/med/women/47.jpg,https://randomuser.me/api/portraits/thumb/women/47.jpg,ES
female,Mrs,Augusta,Turk,2180,BSN,St.-Annaparochie,Limburg,Netherlands,8045 FE,77.2642,-137.7827,+7:00,Bangkok, Hanoi, Jakarta,augusta.turk@example.com,1c012b6e-7eca-4d46-83cb-d7b5a2046dd6,bigbird760,positive,enqpHVtJ,4593cb3661aebf6ea7f723ca0842c1d5,8d18e7cdc3d402dbf550160a7b708ffb68a32e89,54cb4135f245711270a0ae37f114513834f328ce7bec6221d91b79042e9aa1a9,2014-08-03T05:12:40.231Z,8,(085) 6410680,(06) 99860020,15026732,https://randomuser.me/api/portraits/women/6.jpg,https://randomuser.me/api/portraits/med/women/6.jpg,https://randomuser.me/api/portraits/thumb/women/6.jpg,NL
female,Mrs,Juliette,Andersen,3518,SIN,Shelbourne,Manitoba,Canada,L6S 1N8,-53.5933,4.1693,+9:30,Adelaide, Darwin,juliette.andersen@example.com,4bb95d42-960a-4a4f-9c3a-fe66f726705f,smalltiger394,chainsaw,cojqxtRR,61aad6d966fca6e3c5333adbfb144cd9,6e8748eedebd95711ceb961eeabfb71288104519,b049e73dbfea7871adb78003ce50ec90ea687fbb974bb6bab8076d793a8dec1b,2016-09-12T07:39:49.528Z,5,U56 H25-5863,F01 Q47-3023,035916212,https://randomuser.me/api/portraits/women/0.jpg,https://randomuser.me/api/portraits/med/women/0.jpg,https://randomuser.me/api/portraits/thumb/women/0.jpg,CA
male,Mr,Erwan,David,4929,INSEE,Amiens,Val-D'Oise,France,77019,-48.0158,-114.3143,-9:00,Alaska,erwan.david@example.com,bb3c0e16-b7d5-4c34-9811-c9d88b492b85,organiclion239,tender,EvCJqRSC,8649eb69978a77fe20f4b3dae40d90d9,d0507c919538dfb991f9baea8b453f0fc77a3606,f4cd97d7da191554b5997b93fc0aeffeab9fa59f6d4918ac128dc317d7d61f47,2014-11-20T05:00:57.059Z,7,01-28-18-29-89,06-27-74-56-51,1570667080818 83,https://randomuser.me/api/portraits/men/1.jpg,https://randomuser.me/api/portraits/med/men/1.jpg,https://randomuser.me/api/portraits/thumb/men/1.jpg,FR
